textid	target	model	tokenizer	predicted	prob
68835	1900	final_model_HUGE	final_model_HUGE	1900	0.7172493934631348
68833	1860	final_model_HUGE	final_model_HUGE	1860	0.36078929901123047
68832	1910	final_model_HUGE	final_model_HUGE	1920	0.4473855495452881
68831	1920	final_model_HUGE	final_model_HUGE	1920	0.2662073075771332
68829	1940	final_model_HUGE	final_model_HUGE	1950	0.32791516184806824
68827	1940	final_model_HUGE	final_model_HUGE	1950	0.31191423535346985
68825	1920	final_model_HUGE	final_model_HUGE	1920	0.7433043122291565
68824	1820	final_model_HUGE	final_model_HUGE	1850	0.1578032374382019
68823	1850	final_model_HUGE	final_model_HUGE	1850	0.22972002625465393
68822	1920	final_model_HUGE	final_model_HUGE	1920	0.7542341947555542
68820	1920	final_model_HUGE	final_model_HUGE	1920	0.35609742999076843
68817	1900	final_model_HUGE	final_model_HUGE	1900	0.7504639625549316
68815	1930	final_model_HUGE	final_model_HUGE	1930	0.20659776031970978
68813	1890	final_model_HUGE	final_model_HUGE	1890	0.7093848586082458
68812	1870	final_model_HUGE	final_model_HUGE	1870	0.4514200985431671
68810	1910	final_model_HUGE	final_model_HUGE	1910	0.7346202731132507
68809	1910	final_model_HUGE	final_model_HUGE	1910	0.7545066475868225
68806	1910	final_model_HUGE	final_model_HUGE	1910	0.6434764862060547
68805	1910	final_model_HUGE	final_model_HUGE	1910	0.7118920683860779
68804	1920	final_model_HUGE	final_model_HUGE	1920	0.7683102488517761
68803	1950	final_model_HUGE	final_model_HUGE	1910	0.6778687834739685
68802	1920	final_model_HUGE	final_model_HUGE	1920	0.7109301686286926
68800	1920	final_model_HUGE	final_model_HUGE	1920	0.7592678070068359
68798	1900	final_model_HUGE	final_model_HUGE	1900	0.7554020881652832
68796	1900	final_model_HUGE	final_model_HUGE	1900	0.7562288641929626
68794	1950	final_model_HUGE	final_model_HUGE	1920	0.26714131236076355
68792	1920	final_model_HUGE	final_model_HUGE	1920	0.7604883909225464
68790	1880	final_model_HUGE	final_model_HUGE	1880	0.584592342376709
68789	1880	final_model_HUGE	final_model_HUGE	1880	0.5839284658432007
68786	1900	final_model_HUGE	final_model_HUGE	1900	0.7618909478187561
68785	1830	final_model_HUGE	final_model_HUGE	1850	0.19513718783855438
68783	1950	final_model_HUGE	final_model_HUGE	1950	0.6420099139213562
68782	1900	final_model_HUGE	final_model_HUGE	1900	0.746876060962677
68781	1890	final_model_HUGE	final_model_HUGE	1870	0.1600271761417389
68780	1840	final_model_HUGE	final_model_HUGE	1850	0.14687757194042206
68779	1900	final_model_HUGE	final_model_HUGE	1900	0.7443633079528809
68778	1920	final_model_HUGE	final_model_HUGE	1920	0.7676611542701721
68775	1900	final_model_HUGE	final_model_HUGE	1900	0.7473148703575134
68774	1910	final_model_HUGE	final_model_HUGE	1910	0.7266167998313904
68772	1810	final_model_HUGE	final_model_HUGE	1850	0.15529106557369232
68771	1900	final_model_HUGE	final_model_HUGE	1900	0.7469826340675354
68769	1900	final_model_HUGE	final_model_HUGE	1770	0.1777144968509674
68768	1870	final_model_HUGE	final_model_HUGE	1870	0.44365569949150085
68767	1920	final_model_HUGE	final_model_HUGE	1920	0.5398486852645874
68765	1890	final_model_HUGE	final_model_HUGE	1890	0.7089245319366455
68763	1900	final_model_HUGE	final_model_HUGE	1890	0.37860336899757385
68762	1910	final_model_HUGE	final_model_HUGE	1910	0.7354999780654907
68761	1920	final_model_HUGE	final_model_HUGE	1910	0.29036208987236023
68760	1900	final_model_HUGE	final_model_HUGE	1900	0.7192424535751343
68759	1910	final_model_HUGE	final_model_HUGE	1910	0.7315588593482971
68758	1900	final_model_HUGE	final_model_HUGE	1900	0.7373987436294556
68757	1850	final_model_HUGE	final_model_HUGE	1850	0.22663730382919312
68756	1770	final_model_HUGE	final_model_HUGE	1850	0.14307861030101776
68755	1910	final_model_HUGE	final_model_HUGE	1910	0.7692779302597046
68753	1950	final_model_HUGE	final_model_HUGE	1950	0.6475328207015991
68752	1840	final_model_HUGE	final_model_HUGE	1870	0.20895390212535858
68750	1910	final_model_HUGE	final_model_HUGE	1910	0.7738614082336426
68749	1920	final_model_HUGE	final_model_HUGE	1920	0.6806854605674744
68748	1950	final_model_HUGE	final_model_HUGE	1950	0.6447198987007141
68747	1880	final_model_HUGE	final_model_HUGE	1880	0.5646740198135376
68744	1900	final_model_HUGE	final_model_HUGE	1900	0.7095241546630859
68743	1950	final_model_HUGE	final_model_HUGE	1950	0.6358593106269836
68742	1770	final_model_HUGE	final_model_HUGE	1770	0.1796143800020218
68741	1920	final_model_HUGE	final_model_HUGE	1920	0.7680867314338684
68739	1950	final_model_HUGE	final_model_HUGE	1950	0.6476534605026245
68738	1910	final_model_HUGE	final_model_HUGE	1910	0.7580610513687134
68737	1910	final_model_HUGE	final_model_HUGE	1910	0.6999536156654358
68733	1940	final_model_HUGE	final_model_HUGE	1940	0.259550541639328
68732	1880	final_model_HUGE	final_model_HUGE	1880	0.5415956974029541
68731	1840	final_model_HUGE	final_model_HUGE	1850	0.21974533796310425
68730	1950	final_model_HUGE	final_model_HUGE	1950	0.6198256611824036
68729	1920	final_model_HUGE	final_model_HUGE	1920	0.7564883828163147
68727	1920	final_model_HUGE	final_model_HUGE	1920	0.7644966244697571
68726	1940	final_model_HUGE	final_model_HUGE	1940	0.32862597703933716
68725	1890	final_model_HUGE	final_model_HUGE	1890	0.7069967985153198
68724	1790	final_model_HUGE	final_model_HUGE	1850	0.13356702029705048
68723	1890	final_model_HUGE	final_model_HUGE	1890	0.6901108622550964
68722	1910	final_model_HUGE	final_model_HUGE	1910	0.7118992805480957
68721	1900	final_model_HUGE	final_model_HUGE	1900	0.7529379725456238
68720	1910	final_model_HUGE	final_model_HUGE	1910	0.7751564979553223
68718	1940	final_model_HUGE	final_model_HUGE	1940	0.32349279522895813
68717	1900	final_model_HUGE	final_model_HUGE	1900	0.7491959929466248
68716	1920	final_model_HUGE	final_model_HUGE	1920	0.38616105914115906
68715	1890	final_model_HUGE	final_model_HUGE	1890	0.709994912147522
68714	1870	final_model_HUGE	final_model_HUGE	1870	0.4109722971916199
68713	1890	final_model_HUGE	final_model_HUGE	1890	0.3779846131801605
68712	1900	final_model_HUGE	final_model_HUGE	1900	0.7415382266044617
68711	1890	final_model_HUGE	final_model_HUGE	1890	0.7054658532142639
68709	1900	final_model_HUGE	final_model_HUGE	1900	0.737820029258728
68708	1910	final_model_HUGE	final_model_HUGE	1910	0.7601311206817627
68707	1940	final_model_HUGE	final_model_HUGE	1940	0.31501391530036926
68706	1900	final_model_HUGE	final_model_HUGE	1900	0.6651130318641663
68705	1870	final_model_HUGE	final_model_HUGE	1870	0.44747525453567505
68703	1900	final_model_HUGE	final_model_HUGE	1900	0.7522035241127014
68700	1940	final_model_HUGE	final_model_HUGE	1940	0.2461562603712082
68699	1880	final_model_HUGE	final_model_HUGE	1870	0.4147242307662964
68698	1900	final_model_HUGE	final_model_HUGE	1900	0.5855713486671448
68697	1900	final_model_HUGE	final_model_HUGE	1900	0.7415557503700256
68694	1890	final_model_HUGE	final_model_HUGE	1890	0.2788735628128052
68693	1870	final_model_HUGE	final_model_HUGE	1870	0.39882487058639526
68692	1920	final_model_HUGE	final_model_HUGE	1920	0.7600589394569397
68690	1890	final_model_HUGE	final_model_HUGE	1890	0.7070209383964539
68689	1890	final_model_HUGE	final_model_HUGE	1890	0.7485538721084595
68688	1890	final_model_HUGE	final_model_HUGE	1890	0.7338160872459412
68687	1880	final_model_HUGE	final_model_HUGE	1880	0.5006344318389893
68686	1950	final_model_HUGE	final_model_HUGE	1950	0.6233157515525818
68685	1910	final_model_HUGE	final_model_HUGE	1910	0.6840339303016663
68683	1900	final_model_HUGE	final_model_HUGE	1900	0.7506051659584045
68682	1910	final_model_HUGE	final_model_HUGE	1900	0.4715839624404907
68681	1920	final_model_HUGE	final_model_HUGE	1920	0.7510212063789368
68680	1880	final_model_HUGE	final_model_HUGE	1880	0.6057256460189819
68679	1920	final_model_HUGE	final_model_HUGE	1920	0.7398843765258789
68678	1910	final_model_HUGE	final_model_HUGE	1910	0.670631468296051
68677	1860	final_model_HUGE	final_model_HUGE	1860	0.32844945788383484
68676	1920	final_model_HUGE	final_model_HUGE	1920	0.759380578994751
68674	1950	final_model_HUGE	final_model_HUGE	1950	0.6519003510475159
68673	1880	final_model_HUGE	final_model_HUGE	1870	0.45837584137916565
68672	1830	final_model_HUGE	final_model_HUGE	1870	0.22501902282238007
68671	1860	final_model_HUGE	final_model_HUGE	1860	0.39447423815727234
68670	1920	final_model_HUGE	final_model_HUGE	1890	0.3939770758152008
68669	1940	final_model_HUGE	final_model_HUGE	1940	0.24671505391597748
68667	1900	final_model_HUGE	final_model_HUGE	1900	0.7533087730407715
68666	1900	final_model_HUGE	final_model_HUGE	1900	0.7330827713012695
68665	1910	final_model_HUGE	final_model_HUGE	1910	0.7353160977363586
68664	1900	final_model_HUGE	final_model_HUGE	1900	0.7474222183227539
68662	1850	final_model_HUGE	final_model_HUGE	1850	0.1908232718706131
68659	1940	final_model_HUGE	final_model_HUGE	1940	0.32328230142593384
68658	1950	final_model_HUGE	final_model_HUGE	1950	0.6489551067352295
68657	1890	final_model_HUGE	final_model_HUGE	1890	0.33461469411849976
68656	1900	final_model_HUGE	final_model_HUGE	1900	0.7097747921943665
68655	1890	final_model_HUGE	final_model_HUGE	1890	0.7384703755378723
68654	1910	final_model_HUGE	final_model_HUGE	1910	0.728307843208313
68653	1830	final_model_HUGE	final_model_HUGE	1850	0.19982238113880157
68652	1920	final_model_HUGE	final_model_HUGE	1920	0.6419996619224548
68651	1890	final_model_HUGE	final_model_HUGE	1890	0.6333717107772827
68650	1900	final_model_HUGE	final_model_HUGE	1900	0.7285565137863159
68649	1800	final_model_HUGE	final_model_HUGE	1850	0.13111679255962372
68647	1920	final_model_HUGE	final_model_HUGE	1880	0.22761757671833038
68646	1890	final_model_HUGE	final_model_HUGE	1890	0.6928505301475525
68643	1880	final_model_HUGE	final_model_HUGE	1880	0.2734434902667999
68642	1920	final_model_HUGE	final_model_HUGE	1920	0.7651075124740601
68641	1910	final_model_HUGE	final_model_HUGE	1900	0.7588029503822327
68640	1880	final_model_HUGE	final_model_HUGE	1880	0.46815529465675354
68639	1910	final_model_HUGE	final_model_HUGE	1910	0.7067183256149292
68638	1890	final_model_HUGE	final_model_HUGE	1890	0.741980254650116
68631	1920	final_model_HUGE	final_model_HUGE	1920	0.7406560778617859
68630	1900	final_model_HUGE	final_model_HUGE	1900	0.606647253036499
68629	1920	final_model_HUGE	final_model_HUGE	1920	0.6758310198783875
68628	1920	final_model_HUGE	final_model_HUGE	1920	0.2743217945098877
68627	1910	final_model_HUGE	final_model_HUGE	1910	0.7321112155914307
68626	1910	final_model_HUGE	final_model_HUGE	1910	0.6809423565864563
68625	1880	final_model_HUGE	final_model_HUGE	1870	0.4126947224140167
68624	1910	final_model_HUGE	final_model_HUGE	1910	0.7497044801712036
68623	1900	final_model_HUGE	final_model_HUGE	1900	0.5586590766906738
68620	1900	final_model_HUGE	final_model_HUGE	1900	0.749686598777771
68619	1900	final_model_HUGE	final_model_HUGE	1900	0.7285295724868774
68617	1840	final_model_HUGE	final_model_HUGE	1850	0.2062847763299942
68616	1960	final_model_HUGE	final_model_HUGE	1960	0.39678117632865906
68615	1950	final_model_HUGE	final_model_HUGE	1950	0.6431307196617126
68614	1920	final_model_HUGE	final_model_HUGE	1920	0.7532471418380737
68613	1870	final_model_HUGE	final_model_HUGE	1870	0.32447510957717896
68612	1820	final_model_HUGE	final_model_HUGE	1850	0.1633629947900772
68611	1920	final_model_HUGE	final_model_HUGE	1920	0.7305492162704468
68610	1910	final_model_HUGE	final_model_HUGE	1910	0.2941536009311676
68609	1930	final_model_HUGE	final_model_HUGE	1930	0.22264786064624786
68608	1800	final_model_HUGE	final_model_HUGE	1830	0.1338435262441635
68607	1800	final_model_HUGE	final_model_HUGE	1830	0.1339808851480484
68605	1900	final_model_HUGE	final_model_HUGE	1900	0.706937313079834
68604	1920	final_model_HUGE	final_model_HUGE	1920	0.7445409893989563
68601	1880	final_model_HUGE	final_model_HUGE	1870	0.33019936084747314
68600	1950	final_model_HUGE	final_model_HUGE	1950	0.6503412127494812
68599	1940	final_model_HUGE	final_model_HUGE	1940	0.33038538694381714
68598	1940	final_model_HUGE	final_model_HUGE	1940	0.32189667224884033
68597	1910	final_model_HUGE	final_model_HUGE	1910	0.43163949251174927
68596	1890	final_model_HUGE	final_model_HUGE	1890	0.2995142340660095
68592	1880	final_model_HUGE	final_model_HUGE	1880	0.6201542019844055
68590	1910	final_model_HUGE	final_model_HUGE	1910	0.7704278230667114
68589	1920	final_model_HUGE	final_model_HUGE	1920	0.7025650143623352
68587	1840	final_model_HUGE	final_model_HUGE	1850	0.22782453894615173
68586	1890	final_model_HUGE	final_model_HUGE	1910	0.32017454504966736
68585	1920	final_model_HUGE	final_model_HUGE	1920	0.634301483631134
68584	1890	final_model_HUGE	final_model_HUGE	1890	0.4694620966911316
68583	1920	final_model_HUGE	final_model_HUGE	1920	0.7633243203163147
68582	1890	final_model_HUGE	final_model_HUGE	1890	0.6005714535713196
68580	1890	final_model_HUGE	final_model_HUGE	1890	0.7212652564048767
68579	1890	final_model_HUGE	final_model_HUGE	1890	0.7008240222930908
68578	1880	final_model_HUGE	final_model_HUGE	1880	0.5728645324707031
68577	1930	final_model_HUGE	final_model_HUGE	1920	0.4604478180408478
68576	1900	final_model_HUGE	final_model_HUGE	1900	0.7325872182846069
68575	1890	final_model_HUGE	final_model_HUGE	1890	0.736604630947113
68574	1920	final_model_HUGE	final_model_HUGE	1920	0.7672753930091858
68573	1920	final_model_HUGE	final_model_HUGE	1920	0.7515317797660828
68572	1930	final_model_HUGE	final_model_HUGE	1920	0.5504995584487915
68570	1930	final_model_HUGE	final_model_HUGE	1920	0.4234018325805664
68569	1880	final_model_HUGE	final_model_HUGE	1880	0.4507521986961365
68568	1890	final_model_HUGE	final_model_HUGE	1890	0.5834761261940002
68567	1900	final_model_HUGE	final_model_HUGE	1890	0.34927722811698914
68565	1950	final_model_HUGE	final_model_HUGE	1950	0.6482177376747131
68564	1890	final_model_HUGE	final_model_HUGE	1890	0.5696563124656677
68563	1940	final_model_HUGE	final_model_HUGE	1940	0.20140530169010162
68562	1920	final_model_HUGE	final_model_HUGE	1920	0.759502649307251
68561	1890	final_model_HUGE	final_model_HUGE	1890	0.6444022059440613
68559	1950	final_model_HUGE	final_model_HUGE	1950	0.6447545886039734
68558	1930	final_model_HUGE	final_model_HUGE	1940	0.19815973937511444
68557	1910	final_model_HUGE	final_model_HUGE	1910	0.7101740837097168
68556	1890	final_model_HUGE	final_model_HUGE	1890	0.6963428258895874
68555	1920	final_model_HUGE	final_model_HUGE	1920	0.5446622371673584
68554	1920	final_model_HUGE	final_model_HUGE	1920	0.41627663373947144
68553	1920	final_model_HUGE	final_model_HUGE	1910	0.26973748207092285
68552	1910	final_model_HUGE	final_model_HUGE	1920	0.44794103503227234
68551	1900	final_model_HUGE	final_model_HUGE	1900	0.5992991924285889
68550	1920	final_model_HUGE	final_model_HUGE	1920	0.7303104400634766
68549	1920	final_model_HUGE	final_model_HUGE	1920	0.76668781042099
68548	1920	final_model_HUGE	final_model_HUGE	1920	0.6555380821228027
68547	1920	final_model_HUGE	final_model_HUGE	1920	0.3357490301132202
68545	1900	final_model_HUGE	final_model_HUGE	1900	0.7606197595596313
68544	1880	final_model_HUGE	final_model_HUGE	1880	0.44306275248527527
68542	1910	final_model_HUGE	final_model_HUGE	1910	0.7496532201766968
68540	1950	final_model_HUGE	final_model_HUGE	1950	0.3498716950416565
68539	1910	final_model_HUGE	final_model_HUGE	1910	0.6645033359527588
68538	1880	final_model_HUGE	final_model_HUGE	1870	0.33332014083862305
68536	1830	final_model_HUGE	final_model_HUGE	1880	0.2160634696483612
68535	1920	final_model_HUGE	final_model_HUGE	1920	0.7699019908905029
68533	1950	final_model_HUGE	final_model_HUGE	1950	0.6419201493263245
68532	1900	final_model_HUGE	final_model_HUGE	1900	0.7181811332702637
68531	1850	final_model_HUGE	final_model_HUGE	1850	0.23831458389759064
68530	1910	final_model_HUGE	final_model_HUGE	1910	0.7384995818138123
68529	1950	final_model_HUGE	final_model_HUGE	1950	0.6583428382873535
68526	1900	final_model_HUGE	final_model_HUGE	1890	0.332491934299469
68524	1920	final_model_HUGE	final_model_HUGE	1920	0.749229371547699
68523	1940	final_model_HUGE	final_model_HUGE	1940	0.2847810983657837
68522	1900	final_model_HUGE	final_model_HUGE	1900	0.7234537601470947
68521	1910	final_model_HUGE	final_model_HUGE	1910	0.7591307163238525
68520	1920	final_model_HUGE	final_model_HUGE	1920	0.7725640535354614
68519	1920	final_model_HUGE	final_model_HUGE	1920	0.6683369874954224
68517	1890	final_model_HUGE	final_model_HUGE	1890	0.6179404258728027
68515	1840	final_model_HUGE	final_model_HUGE	1850	0.17811772227287292
68514	1920	final_model_HUGE	final_model_HUGE	1920	0.7607444524765015
68513	1880	final_model_HUGE	final_model_HUGE	1870	0.4469352066516876
68508	1910	final_model_HUGE	final_model_HUGE	1910	0.7075601816177368
68507	1880	final_model_HUGE	final_model_HUGE	1870	0.44788333773612976
68506	1910	final_model_HUGE	final_model_HUGE	1910	0.7582115530967712
68504	1900	final_model_HUGE	final_model_HUGE	1900	0.7227345705032349
68503	1920	final_model_HUGE	final_model_HUGE	1920	0.7767894268035889
68502	1910	final_model_HUGE	final_model_HUGE	1910	0.6955481171607971
68500	1860	final_model_HUGE	final_model_HUGE	1860	0.38725584745407104
68499	1910	final_model_HUGE	final_model_HUGE	1910	0.6727538108825684
68498	1920	final_model_HUGE	final_model_HUGE	1920	0.7326303124427795
68497	1920	final_model_HUGE	final_model_HUGE	1920	0.7400738000869751
68496	1900	final_model_HUGE	final_model_HUGE	1900	0.7499408721923828
68495	1920	final_model_HUGE	final_model_HUGE	1920	0.6935429573059082
68494	1920	final_model_HUGE	final_model_HUGE	1890	0.6378385424613953
68493	1910	final_model_HUGE	final_model_HUGE	1910	0.7250944972038269
68492	1910	final_model_HUGE	final_model_HUGE	1920	0.47296658158302307
68491	1820	final_model_HUGE	final_model_HUGE	1850	0.15683849155902863
68490	1910	final_model_HUGE	final_model_HUGE	1860	0.3017835319042206
68488	1920	final_model_HUGE	final_model_HUGE	1920	0.7707510590553284
68486	1920	final_model_HUGE	final_model_HUGE	1910	0.17241142690181732
68483	1920	final_model_HUGE	final_model_HUGE	1920	0.5112003087997437
68482	1880	final_model_HUGE	final_model_HUGE	1870	0.3211962580680847
68481	1790	final_model_HUGE	final_model_HUGE	1850	0.14997564256191254
68480	1890	final_model_HUGE	final_model_HUGE	1910	0.3221326172351837
68479	1920	final_model_HUGE	final_model_HUGE	1920	0.6799112558364868
68478	1920	final_model_HUGE	final_model_HUGE	1920	0.6799112558364868
68477	1920	final_model_HUGE	final_model_HUGE	1920	0.6799112558364868
68474	1910	final_model_HUGE	final_model_HUGE	1910	0.6778261065483093
68473	1910	final_model_HUGE	final_model_HUGE	1910	0.7197470664978027
68472	1850	final_model_HUGE	final_model_HUGE	1860	0.22837361693382263
68471	1900	final_model_HUGE	final_model_HUGE	1900	0.5289623141288757
68470	1910	final_model_HUGE	final_model_HUGE	1910	0.647653341293335
68468	1880	final_model_HUGE	final_model_HUGE	1890	0.7210125923156738
68467	1910	final_model_HUGE	final_model_HUGE	1910	0.675835132598877
68466	1960	final_model_HUGE	final_model_HUGE	1960	0.5164217352867126
68465	1910	final_model_HUGE	final_model_HUGE	1910	0.688814640045166
68464	1910	final_model_HUGE	final_model_HUGE	1910	0.7707067131996155
68463	1910	final_model_HUGE	final_model_HUGE	1910	0.7452211976051331
68462	1920	final_model_HUGE	final_model_HUGE	1920	0.742727518081665
68460	1910	final_model_HUGE	final_model_HUGE	1910	0.7037443518638611
68459	1910	final_model_HUGE	final_model_HUGE	1910	0.7726362943649292
68458	1910	final_model_HUGE	final_model_HUGE	1910	0.7368053197860718
68457	1830	final_model_HUGE	final_model_HUGE	1850	0.18307451903820038
68456	1830	final_model_HUGE	final_model_HUGE	1850	0.18307451903820038
68455	1830	final_model_HUGE	final_model_HUGE	1850	0.18307451903820038
68454	1910	final_model_HUGE	final_model_HUGE	1910	0.7426006197929382
68453	1900	final_model_HUGE	final_model_HUGE	1900	0.7178503274917603
68451	1920	final_model_HUGE	final_model_HUGE	1920	0.7732599377632141
68449	1900	final_model_HUGE	final_model_HUGE	1900	0.7094532251358032
68448	1900	final_model_HUGE	final_model_HUGE	1900	0.7655282020568848
68447	1900	final_model_HUGE	final_model_HUGE	1900	0.7536889314651489
68446	1900	final_model_HUGE	final_model_HUGE	1890	0.42095500230789185
68442	1910	final_model_HUGE	final_model_HUGE	1910	0.6235256791114807
68441	1910	final_model_HUGE	final_model_HUGE	1910	0.6235256791114807
68440	1910	final_model_HUGE	final_model_HUGE	1910	0.6255630254745483
68439	1890	final_model_HUGE	final_model_HUGE	1890	0.5966230630874634
68436	1900	final_model_HUGE	final_model_HUGE	1900	0.5499886274337769
68435	1900	final_model_HUGE	final_model_HUGE	1900	0.5499886274337769
68433	1950	final_model_HUGE	final_model_HUGE	1950	0.6911490559577942
68432	1950	final_model_HUGE	final_model_HUGE	1950	0.6911490559577942
68430	1870	final_model_HUGE	final_model_HUGE	1890	0.42465177178382874
68429	1870	final_model_HUGE	final_model_HUGE	1890	0.42465177178382874
68424	1850	final_model_HUGE	final_model_HUGE	1870	0.2627338767051697
68422	1900	final_model_HUGE	final_model_HUGE	1900	0.7058025002479553
68421	1950	final_model_HUGE	final_model_HUGE	1960	0.4159737825393677
68419	1900	final_model_HUGE	final_model_HUGE	1900	0.5935841202735901
68418	1940	final_model_HUGE	final_model_HUGE	1940	0.2625565230846405
68416	1870	final_model_HUGE	final_model_HUGE	1880	0.34331098198890686
68414	1760	final_model_HUGE	final_model_HUGE	1850	0.12716129422187805
68413	1900	final_model_HUGE	final_model_HUGE	1900	0.5000782608985901
68410	1950	final_model_HUGE	final_model_HUGE	1950	0.6822431683540344
68409	1950	final_model_HUGE	final_model_HUGE	1950	0.6890072226524353
68408	1900	final_model_HUGE	final_model_HUGE	1900	0.755682647228241
68407	1910	final_model_HUGE	final_model_HUGE	1910	0.7400758862495422
68406	1820	final_model_HUGE	final_model_HUGE	1850	0.18171821534633636
68405	1890	final_model_HUGE	final_model_HUGE	1890	0.7427101731300354
68398	1910	final_model_HUGE	final_model_HUGE	1910	0.7596517205238342
68396	1890	final_model_HUGE	final_model_HUGE	1890	0.7293211817741394
68394	1880	final_model_HUGE	final_model_HUGE	1880	0.48163679242134094
68393	1950	final_model_HUGE	final_model_HUGE	1950	0.6718966364860535
68392	1900	final_model_HUGE	final_model_HUGE	1900	0.6170350909233093
68391	1910	final_model_HUGE	final_model_HUGE	1910	0.6875225305557251
68390	1910	final_model_HUGE	final_model_HUGE	1910	0.7612988352775574
68388	1890	final_model_HUGE	final_model_HUGE	1890	0.7104699611663818
68387	1890	final_model_HUGE	final_model_HUGE	1890	0.4967341423034668
68386	1890	final_model_HUGE	final_model_HUGE	1890	0.7311565279960632
68384	1890	final_model_HUGE	final_model_HUGE	1890	0.7440358400344849
68383	1890	final_model_HUGE	final_model_HUGE	1890	0.7351623177528381
68382	1890	final_model_HUGE	final_model_HUGE	1890	0.7394116520881653
68380	1950	final_model_HUGE	final_model_HUGE	1950	0.6897445321083069
68379	1890	final_model_HUGE	final_model_HUGE	1890	0.6850989460945129
68378	1890	final_model_HUGE	final_model_HUGE	1890	0.6850989460945129
68377	1950	final_model_HUGE	final_model_HUGE	1950	0.675315797328949
68376	1910	final_model_HUGE	final_model_HUGE	1910	0.7027800679206848
68374	1950	final_model_HUGE	final_model_HUGE	1950	0.6890079379081726
68373	1950	final_model_HUGE	final_model_HUGE	1950	0.6908658742904663
68372	1940	final_model_HUGE	final_model_HUGE	1940	0.2533362805843353
68371	1880	final_model_HUGE	final_model_HUGE	1870	0.4532836079597473
68370	1890	final_model_HUGE	final_model_HUGE	1890	0.7474042177200317
68369	1880	final_model_HUGE	final_model_HUGE	1880	0.5943060517311096
68367	1890	final_model_HUGE	final_model_HUGE	1890	0.5916072726249695
68364	1890	final_model_HUGE	final_model_HUGE	1890	0.7265484929084778
68363	1880	final_model_HUGE	final_model_HUGE	1870	0.43804970383644104
68362	1780	final_model_HUGE	final_model_HUGE	1870	0.1279304027557373
68361	1910	final_model_HUGE	final_model_HUGE	1910	0.6766654253005981
68359	1890	final_model_HUGE	final_model_HUGE	1890	0.30495643615722656
68358	1950	final_model_HUGE	final_model_HUGE	1950	0.6764262318611145
68354	1940	final_model_HUGE	final_model_HUGE	1940	0.2568281888961792
68351	1890	final_model_HUGE	final_model_HUGE	1890	0.713702380657196
68350	1900	final_model_HUGE	final_model_HUGE	1900	0.5537257790565491
68349	1890	final_model_HUGE	final_model_HUGE	1910	0.27312320470809937
68348	1880	final_model_HUGE	final_model_HUGE	1880	0.5308754444122314
68347	1880	final_model_HUGE	final_model_HUGE	1880	0.5342962741851807
68346	1880	final_model_HUGE	final_model_HUGE	1880	0.5350441932678223
68344	1880	final_model_HUGE	final_model_HUGE	1880	0.4871310889720917
68343	1880	final_model_HUGE	final_model_HUGE	1870	0.4003581404685974
68341	1900	final_model_HUGE	final_model_HUGE	1900	0.6105414032936096
68337	1780	final_model_HUGE	final_model_HUGE	1850	0.14679816365242004
68336	1900	final_model_HUGE	final_model_HUGE	1900	0.6837360262870789
68335	1900	final_model_HUGE	final_model_HUGE	1900	0.6837360262870789
68331	1940	final_model_HUGE	final_model_HUGE	1950	0.35509759187698364
68330	1890	final_model_HUGE	final_model_HUGE	1890	0.725638747215271
68329	1950	final_model_HUGE	final_model_HUGE	1940	0.30869436264038086
68325	1940	final_model_HUGE	final_model_HUGE	1940	0.3025340139865875
68323	1890	final_model_HUGE	final_model_HUGE	1890	0.6315783262252808
68322	1880	final_model_HUGE	final_model_HUGE	1880	0.5847207903862
68320	1770	final_model_HUGE	final_model_HUGE	1770	0.1739049106836319
68317	1860	final_model_HUGE	final_model_HUGE	1860	0.29545512795448303
68316	1860	final_model_HUGE	final_model_HUGE	1880	0.2518864870071411
68315	1850	final_model_HUGE	final_model_HUGE	1850	0.20539569854736328
68313	1940	final_model_HUGE	final_model_HUGE	1940	0.26879116892814636
68310	1900	final_model_HUGE	final_model_HUGE	1900	0.5678606033325195
68309	1900	final_model_HUGE	final_model_HUGE	1900	0.7220674753189087
68305	1950	final_model_HUGE	final_model_HUGE	1950	0.6747722625732422
68304	1940	final_model_HUGE	final_model_HUGE	1950	0.30393311381340027
68302	1890	final_model_HUGE	final_model_HUGE	1890	0.40891769528388977
68300	1870	final_model_HUGE	final_model_HUGE	1870	0.45205479860305786
68295	1880	final_model_HUGE	final_model_HUGE	1880	0.6036110520362854
68294	1880	final_model_HUGE	final_model_HUGE	1880	0.6074294447898865
68293	1880	final_model_HUGE	final_model_HUGE	1880	0.6055021286010742
68290	1890	final_model_HUGE	final_model_HUGE	1890	0.6893082857131958
68289	1890	final_model_HUGE	final_model_HUGE	1890	0.637721836566925
68287	1890	final_model_HUGE	final_model_HUGE	1890	0.7363594770431519
68285	1890	final_model_HUGE	final_model_HUGE	1890	0.598263144493103
68280	1940	final_model_HUGE	final_model_HUGE	1940	0.2941707968711853
68277	1890	final_model_HUGE	final_model_HUGE	1890	0.2544025480747223
68276	1890	final_model_HUGE	final_model_HUGE	1890	0.7116405367851257
68274	1890	final_model_HUGE	final_model_HUGE	1890	0.6668180227279663
68273	1880	final_model_HUGE	final_model_HUGE	1910	0.32210540771484375
68272	1940	final_model_HUGE	final_model_HUGE	1940	0.27852827310562134
68270	1890	final_model_HUGE	final_model_HUGE	1890	0.7180479764938354
68269	1860	final_model_HUGE	final_model_HUGE	1860	0.3889845609664917
68260	1880	final_model_HUGE	final_model_HUGE	1880	0.4918440282344818
68256	1940	final_model_HUGE	final_model_HUGE	1940	0.2670038342475891
68253	1940	final_model_HUGE	final_model_HUGE	1940	0.3428359031677246
68247	1940	final_model_HUGE	final_model_HUGE	1940	0.2947411835193634
68233	1940	final_model_HUGE	final_model_HUGE	1950	0.31442496180534363
68232	1860	final_model_HUGE	final_model_HUGE	1860	0.3312544524669647
68230	1940	final_model_HUGE	final_model_HUGE	1940	0.2867591083049774
68225	1890	final_model_HUGE	final_model_HUGE	1890	0.7096359729766846
68224	1930	final_model_HUGE	final_model_HUGE	1920	0.3384155035018921
68223	1940	final_model_HUGE	final_model_HUGE	1940	0.31456291675567627
68222	1890	final_model_HUGE	final_model_HUGE	1890	0.7034226655960083
68218	1940	final_model_HUGE	final_model_HUGE	1940	0.2773208022117615
68217	1860	final_model_HUGE	final_model_HUGE	1880	0.21206675469875336
68215	1940	final_model_HUGE	final_model_HUGE	1940	0.2678254246711731
68214	1880	final_model_HUGE	final_model_HUGE	1880	0.5042338371276855
68212	1840	final_model_HUGE	final_model_HUGE	1850	0.19683797657489777
68211	1880	final_model_HUGE	final_model_HUGE	1890	0.3764803409576416
68208	1940	final_model_HUGE	final_model_HUGE	1940	0.2775416672229767
68207	1890	final_model_HUGE	final_model_HUGE	1890	0.7101707458496094
68203	1940	final_model_HUGE	final_model_HUGE	1950	0.3360592722892761
68202	1940	final_model_HUGE	final_model_HUGE	1950	0.3360592722892761
68197	1940	final_model_HUGE	final_model_HUGE	1940	0.2830466032028198
68196	1940	final_model_HUGE	final_model_HUGE	1940	0.2783360481262207
68187	1830	final_model_HUGE	final_model_HUGE	1870	0.1660742312669754
68179	1870	final_model_HUGE	final_model_HUGE	1870	0.44914060831069946
68176	1870	final_model_HUGE	final_model_HUGE	1870	0.4487422704696655
68175	1860	final_model_HUGE	final_model_HUGE	1860	0.29555025696754456
68171	1820	final_model_HUGE	final_model_HUGE	1850	0.17496326565742493
68170	1940	final_model_HUGE	final_model_HUGE	1940	0.2560344636440277
68165	1870	final_model_HUGE	final_model_HUGE	1870	0.4417459964752197
68161	1940	final_model_HUGE	final_model_HUGE	1940	0.2991958558559418
68158	1870	final_model_HUGE	final_model_HUGE	1870	0.44325247406959534
68157	1870	final_model_HUGE	final_model_HUGE	1870	0.3759247362613678
68150	1940	final_model_HUGE	final_model_HUGE	1940	0.2368798404932022
68146	1860	final_model_HUGE	final_model_HUGE	1860	0.39725160598754883
68144	1790	final_model_HUGE	final_model_HUGE	1850	0.13723063468933105
68141	1830	final_model_HUGE	final_model_HUGE	1850	0.18557848036289215
68133	1760	final_model_HUGE	final_model_HUGE	1830	0.13108554482460022
68126	1860	final_model_HUGE	final_model_HUGE	1860	0.3137495815753937
68125	1850	final_model_HUGE	final_model_HUGE	1850	0.27463027834892273
68110	1870	final_model_HUGE	final_model_HUGE	1870	0.45274215936660767
68104	1850	final_model_HUGE	final_model_HUGE	1850	0.274903804063797
68102	1880	final_model_HUGE	final_model_HUGE	1870	0.45282185077667236
68099	1880	final_model_HUGE	final_model_HUGE	1880	0.6073845028877258
68093	1880	final_model_HUGE	final_model_HUGE	1880	0.596014142036438
68080	1820	final_model_HUGE	final_model_HUGE	1850	0.15496788918972015
68078	1850	final_model_HUGE	final_model_HUGE	1850	0.2735500633716583
68077	1770	final_model_HUGE	final_model_HUGE	1850	0.14679549634456635
68076	1770	final_model_HUGE	final_model_HUGE	1850	0.14679549634456635
68073	1850	final_model_HUGE	final_model_HUGE	1850	0.27382519841194153
68068	1810	final_model_HUGE	final_model_HUGE	1850	0.1421903669834137
68060	1950	final_model_HUGE	final_model_HUGE	1950	0.3282972276210785
68059	1870	final_model_HUGE	final_model_HUGE	1870	0.47246477007865906
68056	1790	final_model_HUGE	final_model_HUGE	1830	0.1439557522535324
68050	1860	final_model_HUGE	final_model_HUGE	1870	0.23101140558719635
68047	1940	final_model_HUGE	final_model_HUGE	1940	0.28494375944137573
68042	1830	final_model_HUGE	final_model_HUGE	1850	0.21694235503673553
68040	1870	final_model_HUGE	final_model_HUGE	1870	0.4067443609237671
68035	1850	final_model_HUGE	final_model_HUGE	1850	0.27709510922431946
68031	1860	final_model_HUGE	final_model_HUGE	1870	0.25300392508506775
68027	1840	final_model_HUGE	final_model_HUGE	1850	0.20251518487930298
68018	1880	final_model_HUGE	final_model_HUGE	1880	0.6102668642997742
68016	1880	final_model_HUGE	final_model_HUGE	1870	0.42611607909202576
68014	1840	final_model_HUGE	final_model_HUGE	1850	0.20411570370197296
68013	1880	final_model_HUGE	final_model_HUGE	1870	0.44973498582839966
68007	1940	final_model_HUGE	final_model_HUGE	1940	0.3011670410633087
68006	1940	final_model_HUGE	final_model_HUGE	1940	0.32044848799705505
68005	1940	final_model_HUGE	final_model_HUGE	1940	0.31625667214393616
68004	1940	final_model_HUGE	final_model_HUGE	1940	0.2941940426826477
68003	1940	final_model_HUGE	final_model_HUGE	1940	0.30344128608703613
68002	1940	final_model_HUGE	final_model_HUGE	1940	0.30114418268203735
68001	1940	final_model_HUGE	final_model_HUGE	1940	0.30626368522644043
68000	1940	final_model_HUGE	final_model_HUGE	1940	0.2987997233867645
67998	1940	final_model_HUGE	final_model_HUGE	1940	0.2733473479747772
67996	1850	final_model_HUGE	final_model_HUGE	1860	0.23107948899269104
67995	1840	final_model_HUGE	final_model_HUGE	1850	0.2035263180732727
67994	1850	final_model_HUGE	final_model_HUGE	1850	0.2765940725803375
67985	1870	final_model_HUGE	final_model_HUGE	1870	0.4012216329574585
67983	1840	final_model_HUGE	final_model_HUGE	1850	0.2024763971567154
67980	1860	final_model_HUGE	final_model_HUGE	1860	0.37160512804985046
67975	1840	final_model_HUGE	final_model_HUGE	1850	0.20208919048309326
67969	1880	final_model_HUGE	final_model_HUGE	1880	0.4642085134983063
67968	1940	final_model_HUGE	final_model_HUGE	1950	0.22843074798583984
67967	1850	final_model_HUGE	final_model_HUGE	1860	0.20138895511627197
67962	1840	final_model_HUGE	final_model_HUGE	1850	0.1972106546163559
67959	1840	final_model_HUGE	final_model_HUGE	1850	0.1928783506155014
67958	1880	final_model_HUGE	final_model_HUGE	1870	0.43523886799812317
67950	1850	final_model_HUGE	final_model_HUGE	1870	0.17158553004264832
67923	1940	final_model_HUGE	final_model_HUGE	1940	0.298251211643219
67922	1880	final_model_HUGE	final_model_HUGE	1880	0.6149681806564331
67919	1880	final_model_HUGE	final_model_HUGE	1880	0.5960310697555542
67918	1870	final_model_HUGE	final_model_HUGE	1870	0.3212023377418518
67903	1850	final_model_HUGE	final_model_HUGE	1880	0.2710812985897064
67892	1840	final_model_HUGE	final_model_HUGE	1850	0.18859551846981049
67873	1880	final_model_HUGE	final_model_HUGE	1900	0.751032292842865
67872	1860	final_model_HUGE	final_model_HUGE	1860	0.284183531999588
67869	1880	final_model_HUGE	final_model_HUGE	1910	0.3730182945728302
67859	1870	final_model_HUGE	final_model_HUGE	1860	0.35033687949180603
67847	1790	final_model_HUGE	final_model_HUGE	1830	0.12091533094644547
67840	1880	final_model_HUGE	final_model_HUGE	1880	0.23531608283519745
67839	1960	final_model_HUGE	final_model_HUGE	1910	0.38322022557258606
67838	1870	final_model_HUGE	final_model_HUGE	1870	0.41427960991859436
67836	1760	final_model_HUGE	final_model_HUGE	1850	0.1446409672498703
67832	1850	final_model_HUGE	final_model_HUGE	1850	0.23120668530464172
67828	1880	final_model_HUGE	final_model_HUGE	1880	0.49282345175743103
67827	1880	final_model_HUGE	final_model_HUGE	1880	0.6151773929595947
67824	1820	final_model_HUGE	final_model_HUGE	1850	0.15696196258068085
67821	1880	final_model_HUGE	final_model_HUGE	1880	0.36312249302864075
67820	1940	final_model_HUGE	final_model_HUGE	1950	0.31996026635169983
67816	1820	final_model_HUGE	final_model_HUGE	1850	0.15822692215442657
67815	1790	final_model_HUGE	final_model_HUGE	1850	0.13180053234100342
67809	1860	final_model_HUGE	final_model_HUGE	1860	0.36086392402648926
67800	1950	final_model_HUGE	final_model_HUGE	1950	0.3638468086719513
67790	1830	final_model_HUGE	final_model_HUGE	1850	0.18056969344615936
67786	1970	final_model_HUGE	final_model_HUGE	1960	0.2608279287815094
67783	1960	final_model_HUGE	final_model_HUGE	1960	0.4980649948120117
67778	1850	final_model_HUGE	final_model_HUGE	1860	0.21169471740722656
67769	1880	final_model_HUGE	final_model_HUGE	1880	0.5036223530769348
67768	1880	final_model_HUGE	final_model_HUGE	1880	0.6178041100502014
67766	1880	final_model_HUGE	final_model_HUGE	1880	0.5917248129844666
67758	1870	final_model_HUGE	final_model_HUGE	1870	0.4510326385498047
67755	1820	final_model_HUGE	final_model_HUGE	1850	0.1667216271162033
67749	1860	final_model_HUGE	final_model_HUGE	1860	0.3176064193248749
67734	1880	final_model_HUGE	final_model_HUGE	1880	0.4731181263923645
67733	1880	final_model_HUGE	final_model_HUGE	1880	0.5314651727676392
67727	1870	final_model_HUGE	final_model_HUGE	1850	0.18853014707565308
67723	1850	final_model_HUGE	final_model_HUGE	1850	0.20829267799854279
67718	1830	final_model_HUGE	final_model_HUGE	1850	0.19576497375965118
67707	1840	final_model_HUGE	final_model_HUGE	1850	0.15934419631958008
67699	1930	final_model_HUGE	final_model_HUGE	1890	0.23537766933441162
67696	1930	final_model_HUGE	final_model_HUGE	1920	0.23595617711544037
67695	1830	final_model_HUGE	final_model_HUGE	1850	0.19215631484985352
67691	1870	final_model_HUGE	final_model_HUGE	1870	0.33215659856796265
67689	1850	final_model_HUGE	final_model_HUGE	1850	0.22534425556659698
67687	1880	final_model_HUGE	final_model_HUGE	1890	0.4505636692047119
67684	1850	final_model_HUGE	final_model_HUGE	1850	0.22556494176387787
67681	1850	final_model_HUGE	final_model_HUGE	1860	0.23684576153755188
67672	1940	final_model_HUGE	final_model_HUGE	1940	0.20035433769226074
67671	1880	final_model_HUGE	final_model_HUGE	1880	0.38876503705978394
67670	1820	final_model_HUGE	final_model_HUGE	1850	0.1927398294210434
67669	1820	final_model_HUGE	final_model_HUGE	1850	0.17991900444030762
67655	1940	final_model_HUGE	final_model_HUGE	1920	0.46891289949417114
67652	1950	final_model_HUGE	final_model_HUGE	1950	0.40965735912323
67637	1840	final_model_HUGE	final_model_HUGE	1850	0.16142581403255463
67636	1850	final_model_HUGE	final_model_HUGE	1850	0.14832569658756256
67634	1870	final_model_HUGE	final_model_HUGE	1870	0.45213159918785095
67626	1870	final_model_HUGE	final_model_HUGE	1870	0.414663165807724
67605	1850	final_model_HUGE	final_model_HUGE	1850	0.24312563240528107
67603	1950	final_model_HUGE	final_model_HUGE	1950	0.672987699508667
67602	1950	final_model_HUGE	final_model_HUGE	1950	0.6763899922370911
67601	1850	final_model_HUGE	final_model_HUGE	1850	0.24748864769935608
67589	1950	final_model_HUGE	final_model_HUGE	1950	0.6738059520721436
67587	1950	final_model_HUGE	final_model_HUGE	1950	0.6604092121124268
67580	1950	final_model_HUGE	final_model_HUGE	1950	0.6707161068916321
67571	1950	final_model_HUGE	final_model_HUGE	1950	0.4618188142776489
67570	1850	final_model_HUGE	final_model_HUGE	1850	0.2175123691558838
67562	1860	final_model_HUGE	final_model_HUGE	1860	0.3243144750595093
67554	1820	final_model_HUGE	final_model_HUGE	1870	0.170768603682518
67553	1850	final_model_HUGE	final_model_HUGE	1850	0.24801039695739746
67552	1840	final_model_HUGE	final_model_HUGE	1890	0.2252020388841629
67545	1940	final_model_HUGE	final_model_HUGE	1940	0.2008122354745865
67542	1940	final_model_HUGE	final_model_HUGE	1910	0.6138328313827515
67538	1840	final_model_HUGE	final_model_HUGE	1850	0.17941327393054962
67536	1860	final_model_HUGE	final_model_HUGE	1860	0.35173743963241577
67532	1790	final_model_HUGE	final_model_HUGE	1850	0.13617639243602753
67527	1860	final_model_HUGE	final_model_HUGE	1860	0.36341506242752075
67526	1820	final_model_HUGE	final_model_HUGE	1850	0.1907939463853836
67515	1840	final_model_HUGE	final_model_HUGE	1890	0.2922761142253876
67502	1850	final_model_HUGE	final_model_HUGE	1880	0.30369022488594055
67498	1950	final_model_HUGE	final_model_HUGE	1950	0.6572195887565613
67497	1950	final_model_HUGE	final_model_HUGE	1950	0.6717098355293274
67487	1950	final_model_HUGE	final_model_HUGE	1950	0.6650791764259338
67480	1840	final_model_HUGE	final_model_HUGE	1850	0.19120779633522034
67477	1870	final_model_HUGE	final_model_HUGE	1870	0.18544244766235352
67476	1870	final_model_HUGE	final_model_HUGE	1870	0.4543740451335907
67474	1820	final_model_HUGE	final_model_HUGE	1850	0.1612289994955063
67472	1940	final_model_HUGE	final_model_HUGE	1940	0.22001592814922333
67470	1840	final_model_HUGE	final_model_HUGE	1850	0.20079529285430908
67466	1780	final_model_HUGE	final_model_HUGE	1850	0.13414156436920166
67457	1950	final_model_HUGE	final_model_HUGE	1950	0.6677245497703552
67456	1840	final_model_HUGE	final_model_HUGE	1850	0.1990605741739273
67455	1950	final_model_HUGE	final_model_HUGE	1950	0.6038438677787781
67453	1790	final_model_HUGE	final_model_HUGE	1850	0.12584494054317474
67450	1840	final_model_HUGE	final_model_HUGE	1850	0.20729979872703552
67447	1820	final_model_HUGE	final_model_HUGE	1830	0.13751617074012756
67443	1840	final_model_HUGE	final_model_HUGE	1850	0.18972048163414001
67439	1840	final_model_HUGE	final_model_HUGE	1850	0.1858569234609604
67434	1840	final_model_HUGE	final_model_HUGE	1850	0.19629912078380585
67425	1930	final_model_HUGE	final_model_HUGE	1910	0.341797411441803
67420	1860	final_model_HUGE	final_model_HUGE	1870	0.26907965540885925
67416	1820	final_model_HUGE	final_model_HUGE	1850	0.16348175704479218
67413	1870	final_model_HUGE	final_model_HUGE	1870	0.1692015826702118
67401	1850	final_model_HUGE	final_model_HUGE	1850	0.239453986287117
67392	1950	final_model_HUGE	final_model_HUGE	1950	0.6383033394813538
67390	1870	final_model_HUGE	final_model_HUGE	1870	0.31922104954719543
67389	1870	final_model_HUGE	final_model_HUGE	1870	0.32475388050079346
67386	1830	final_model_HUGE	final_model_HUGE	1850	0.21808621287345886
67383	1870	final_model_HUGE	final_model_HUGE	1870	0.38855674862861633
67375	1860	final_model_HUGE	final_model_HUGE	1860	0.389011412858963
67364	1950	final_model_HUGE	final_model_HUGE	1950	0.6727166175842285
67363	1770	final_model_HUGE	final_model_HUGE	1870	0.16897861659526825
67362	1950	final_model_HUGE	final_model_HUGE	1950	0.6745032072067261
67353	1940	final_model_HUGE	final_model_HUGE	1900	0.7549461126327515
67343	1950	final_model_HUGE	final_model_HUGE	1950	0.664065957069397
67341	1950	final_model_HUGE	final_model_HUGE	1950	0.6595508456230164
